Datum;Grupp;Serie;rate
2011-01-03;Valutor mot svenska kronor;1 GBP;10.445
2011-01-04;Valutor mot svenska kronor;1 GBP;10.42
2011-01-05;Valutor mot svenska kronor;1 GBP;10.525
2011-01-07;Valutor mot svenska kronor;1 GBP;10.6125
2011-01-10;Valutor mot svenska kronor;1 GBP;10.7475
2011-01-11;Valutor mot svenska kronor;1 GBP;10.685
2011-01-12;Valutor mot svenska kronor;1 GBP;10.6775
2011-01-13;Valutor mot svenska kronor;1 GBP;10.6325
2011-01-14;Valutor mot svenska kronor;1 GBP;10.5775
2011-01-17;Valutor mot svenska kronor;1 GBP;10.6225
2011-01-18;Valutor mot svenska kronor;1 GBP;10.635
2011-01-19;Valutor mot svenska kronor;1 GBP;10.6275
2011-01-20;Valutor mot svenska kronor;1 GBP;10.595
2011-01-21;Valutor mot svenska kronor;1 GBP;10.58
2011-01-24;Valutor mot svenska kronor;1 GBP;10.545
2011-01-25;Valutor mot svenska kronor;1 GBP;10.4275
2011-01-26;Valutor mot svenska kronor;1 GBP;10.2875
2011-01-27;Valutor mot svenska kronor;1 GBP;10.29
2011-01-28;Valutor mot svenska kronor;1 GBP;10.2725
2011-01-31;Valutor mot svenska kronor;1 GBP;10.3675
2011-02-01;Valutor mot svenska kronor;1 GBP;10.3075
2011-02-02;Valutor mot svenska kronor;1 GBP;10.3175
2011-02-03;Valutor mot svenska kronor;1 GBP;10.435
2011-02-04;Valutor mot svenska kronor;1 GBP;10.4375
2011-02-07;Valutor mot svenska kronor;1 GBP;10.455
2011-02-08;Valutor mot svenska kronor;1 GBP;10.3775
2011-02-09;Valutor mot svenska kronor;1 GBP;10.3575
2011-02-10;Valutor mot svenska kronor;1 GBP;10.3825
2011-02-11;Valutor mot svenska kronor;1 GBP;10.465
2011-02-14;Valutor mot svenska kronor;1 GBP;10.4425
2011-02-15;Valutor mot svenska kronor;1 GBP;10.4175
2011-02-16;Valutor mot svenska kronor;1 GBP;10.43
2011-02-17;Valutor mot svenska kronor;1 GBP;10.3675
2011-02-18;Valutor mot svenska kronor;1 GBP;10.3925
2011-02-21;Valutor mot svenska kronor;1 GBP;10.39
2011-02-22;Valutor mot svenska kronor;1 GBP;10.5225
2011-02-23;Valutor mot svenska kronor;1 GBP;10.3925
2011-02-24;Valutor mot svenska kronor;1 GBP;10.3825
2011-02-25;Valutor mot svenska kronor;1 GBP;10.2875
2011-02-28;Valutor mot svenska kronor;1 GBP;10.3225
2011-03-01;Valutor mot svenska kronor;1 GBP;10.28
2011-03-02;Valutor mot svenska kronor;1 GBP;10.29
2011-03-03;Valutor mot svenska kronor;1 GBP;10.305
2011-03-04;Valutor mot svenska kronor;1 GBP;10.2625
2011-03-07;Valutor mot svenska kronor;1 GBP;10.3675
2011-03-08;Valutor mot svenska kronor;1 GBP;10.305
2011-03-09;Valutor mot svenska kronor;1 GBP;10.285
2011-03-10;Valutor mot svenska kronor;1 GBP;10.2925
2011-03-11;Valutor mot svenska kronor;1 GBP;10.245
2011-03-14;Valutor mot svenska kronor;1 GBP;10.2125
2011-03-15;Valutor mot svenska kronor;1 GBP;10.29
2011-03-16;Valutor mot svenska kronor;1 GBP;10.33
2011-03-17;Valutor mot svenska kronor;1 GBP;10.3675
2011-03-18;Valutor mot svenska kronor;1 GBP;10.2875
2011-03-21;Valutor mot svenska kronor;1 GBP;10.1825
2011-03-22;Valutor mot svenska kronor;1 GBP;10.23
2011-03-23;Valutor mot svenska kronor;1 GBP;10.3125
2011-03-24;Valutor mot svenska kronor;1 GBP;10.28
2011-03-25;Valutor mot svenska kronor;1 GBP;10.2075
2011-03-28;Valutor mot svenska kronor;1 GBP;10.2475
2011-03-29;Valutor mot svenska kronor;1 GBP;10.1775
2011-03-30;Valutor mot svenska kronor;1 GBP;10.175
2011-03-31;Valutor mot svenska kronor;1 GBP;10.1775
2011-04-01;Valutor mot svenska kronor;1 GBP;10.1575
2011-04-04;Valutor mot svenska kronor;1 GBP;10.19
2011-04-05;Valutor mot svenska kronor;1 GBP;10.25
2011-04-06;Valutor mot svenska kronor;1 GBP;10.2975
2011-04-07;Valutor mot svenska kronor;1 GBP;10.355
2011-04-08;Valutor mot svenska kronor;1 GBP;10.2675
2011-04-11;Valutor mot svenska kronor;1 GBP;10.1375
2011-04-12;Valutor mot svenska kronor;1 GBP;10.2575
2011-04-13;Valutor mot svenska kronor;1 GBP;10.1775
2011-04-14;Valutor mot svenska kronor;1 GBP;10.1875
2011-04-15;Valutor mot svenska kronor;1 GBP;10.1275
2011-04-18;Valutor mot svenska kronor;1 GBP;10.14
2011-04-19;Valutor mot svenska kronor;1 GBP;10.2075
2011-04-20;Valutor mot svenska kronor;1 GBP;10.135
2011-04-21;Valutor mot svenska kronor;1 GBP;10.035
2011-04-26;Valutor mot svenska kronor;1 GBP;10.075
2011-04-27;Valutor mot svenska kronor;1 GBP;10.015
2011-04-28;Valutor mot svenska kronor;1 GBP;10.0825
2011-04-29;Valutor mot svenska kronor;1 GBP;10.01
2011-05-02;Valutor mot svenska kronor;1 GBP;10.0625
2011-05-03;Valutor mot svenska kronor;1 GBP;9.9875
2011-05-04;Valutor mot svenska kronor;1 GBP;9.9725
2011-05-05;Valutor mot svenska kronor;1 GBP;10.025
2011-05-06;Valutor mot svenska kronor;1 GBP;10.1675
2011-05-09;Valutor mot svenska kronor;1 GBP;10.22
2011-05-10;Valutor mot svenska kronor;1 GBP;10.2475
2011-05-11;Valutor mot svenska kronor;1 GBP;10.1975
2011-05-12;Valutor mot svenska kronor;1 GBP;10.3075
2011-05-13;Valutor mot svenska kronor;1 GBP;10.2225
2011-05-16;Valutor mot svenska kronor;1 GBP;10.325
2011-05-17;Valutor mot svenska kronor;1 GBP;10.3175
2011-05-18;Valutor mot svenska kronor;1 GBP;10.2325
2011-05-19;Valutor mot svenska kronor;1 GBP;10.1825
2011-05-20;Valutor mot svenska kronor;1 GBP;10.1375
2011-05-23;Valutor mot svenska kronor;1 GBP;10.29
2011-05-24;Valutor mot svenska kronor;1 GBP;10.2275
2011-05-25;Valutor mot svenska kronor;1 GBP;10.29
2011-05-26;Valutor mot svenska kronor;1 GBP;10.2275
2011-05-27;Valutor mot svenska kronor;1 GBP;10.2625
2011-05-30;Valutor mot svenska kronor;1 GBP;10.2625
2011-05-31;Valutor mot svenska kronor;1 GBP;10.195
2011-06-01;Valutor mot svenska kronor;1 GBP;10.1375
2011-06-03;Valutor mot svenska kronor;1 GBP;10.1575
2011-06-07;Valutor mot svenska kronor;1 GBP;10.0925
2011-06-08;Valutor mot svenska kronor;1 GBP;10.055
2011-06-09;Valutor mot svenska kronor;1 GBP;10.1425
2011-06-10;Valutor mot svenska kronor;1 GBP;10.225
2011-06-13;Valutor mot svenska kronor;1 GBP;10.31
2011-06-14;Valutor mot svenska kronor;1 GBP;10.35
2011-06-15;Valutor mot svenska kronor;1 GBP;10.395
2011-06-16;Valutor mot svenska kronor;1 GBP;10.52
2011-06-17;Valutor mot svenska kronor;1 GBP;10.475
2011-06-20;Valutor mot svenska kronor;1 GBP;10.4167
2011-06-21;Valutor mot svenska kronor;1 GBP;10.3718
2011-06-22;Valutor mot svenska kronor;1 GBP;10.311
2011-06-23;Valutor mot svenska kronor;1 GBP;10.2916
2011-06-27;Valutor mot svenska kronor;1 GBP;10.393
2011-06-28;Valutor mot svenska kronor;1 GBP;10.3264
2011-06-29;Valutor mot svenska kronor;1 GBP;10.2676
2011-06-30;Valutor mot svenska kronor;1 GBP;10.15
2011-07-01;Valutor mot svenska kronor;1 GBP;10.13
2011-07-04;Valutor mot svenska kronor;1 GBP;10.0773
2011-07-05;Valutor mot svenska kronor;1 GBP;10.039
2011-07-06;Valutor mot svenska kronor;1 GBP;10.0831
2011-07-07;Valutor mot svenska kronor;1 GBP;10.1592
2011-07-08;Valutor mot svenska kronor;1 GBP;10.1068
2011-07-11;Valutor mot svenska kronor;1 GBP;10.2819
2011-07-12;Valutor mot svenska kronor;1 GBP;10.5555
2011-07-13;Valutor mot svenska kronor;1 GBP;10.4488
2011-07-14;Valutor mot svenska kronor;1 GBP;10.4469
2011-07-15;Valutor mot svenska kronor;1 GBP;10.5317
2011-07-18;Valutor mot svenska kronor;1 GBP;10.6179
2011-07-19;Valutor mot svenska kronor;1 GBP;10.4946
2011-07-20;Valutor mot svenska kronor;1 GBP;10.4409
2011-07-21;Valutor mot svenska kronor;1 GBP;10.3602
2011-07-22;Valutor mot svenska kronor;1 GBP;10.2337
2011-07-25;Valutor mot svenska kronor;1 GBP;10.348
2011-07-26;Valutor mot svenska kronor;1 GBP;10.2504
2011-07-27;Valutor mot svenska kronor;1 GBP;10.2687
2011-07-28;Valutor mot svenska kronor;1 GBP;10.3401
2011-07-29;Valutor mot svenska kronor;1 GBP;10.3943
2011-08-01;Valutor mot svenska kronor;1 GBP;10.315
2011-08-02;Valutor mot svenska kronor;1 GBP;10.338
2011-08-03;Valutor mot svenska kronor;1 GBP;10.4213
2011-08-04;Valutor mot svenska kronor;1 GBP;10.4248
2011-08-05;Valutor mot svenska kronor;1 GBP;10.6123
2011-08-08;Valutor mot svenska kronor;1 GBP;10.5928
2011-08-09;Valutor mot svenska kronor;1 GBP;10.5923
2011-08-10;Valutor mot svenska kronor;1 GBP;10.4762
2011-08-11;Valutor mot svenska kronor;1 GBP;10.5504
2011-08-12;Valutor mot svenska kronor;1 GBP;10.5867
2011-08-15;Valutor mot svenska kronor;1 GBP;10.5327
2011-08-16;Valutor mot svenska kronor;1 GBP;10.5377
2011-08-17;Valutor mot svenska kronor;1 GBP;10.5261
2011-08-18;Valutor mot svenska kronor;1 GBP;10.4925
2011-08-19;Valutor mot svenska kronor;1 GBP;10.6684
2011-08-22;Valutor mot svenska kronor;1 GBP;10.5403
2011-08-23;Valutor mot svenska kronor;1 GBP;10.4453
2011-08-24;Valutor mot svenska kronor;1 GBP;10.4625
2011-08-25;Valutor mot svenska kronor;1 GBP;10.3404
2011-08-26;Valutor mot svenska kronor;1 GBP;10.2862
2011-08-29;Valutor mot svenska kronor;1 GBP;10.288
2011-08-30;Valutor mot svenska kronor;1 GBP;10.3471
2011-08-31;Valutor mot svenska kronor;1 GBP;10.3569
2011-09-01;Valutor mot svenska kronor;1 GBP;10.3451
2011-09-02;Valutor mot svenska kronor;1 GBP;10.4177
2011-09-05;Valutor mot svenska kronor;1 GBP;10.3948
2011-09-06;Valutor mot svenska kronor;1 GBP;10.4125
2011-09-07;Valutor mot svenska kronor;1 GBP;10.2296
2011-09-08;Valutor mot svenska kronor;1 GBP;10.1509
2011-09-09;Valutor mot svenska kronor;1 GBP;10.2577
2011-09-12;Valutor mot svenska kronor;1 GBP;10.4492
2011-09-13;Valutor mot svenska kronor;1 GBP;10.6104
2011-09-14;Valutor mot svenska kronor;1 GBP;10.5726
2011-09-15;Valutor mot svenska kronor;1 GBP;10.5882
2011-09-16;Valutor mot svenska kronor;1 GBP;10.4553
2011-09-19;Valutor mot svenska kronor;1 GBP;10.5449
2011-09-20;Valutor mot svenska kronor;1 GBP;10.5237
2011-09-21;Valutor mot svenska kronor;1 GBP;10.431
2011-09-22;Valutor mot svenska kronor;1 GBP;10.5292
2011-09-23;Valutor mot svenska kronor;1 GBP;10.5573
2011-09-26;Valutor mot svenska kronor;1 GBP;10.7036
2011-09-27;Valutor mot svenska kronor;1 GBP;10.6058
2011-09-28;Valutor mot svenska kronor;1 GBP;10.5547
2011-09-29;Valutor mot svenska kronor;1 GBP;10.6088
2011-09-30;Valutor mot svenska kronor;1 GBP;10.6708
2011-10-03;Valutor mot svenska kronor;1 GBP;10.7223
2011-10-04;Valutor mot svenska kronor;1 GBP;10.6917
2011-10-05;Valutor mot svenska kronor;1 GBP;10.5857
2011-10-06;Valutor mot svenska kronor;1 GBP;10.5947
2011-10-07;Valutor mot svenska kronor;1 GBP;10.542
2011-10-10;Valutor mot svenska kronor;1 GBP;10.5473
2011-10-11;Valutor mot svenska kronor;1 GBP;10.4206
2011-10-12;Valutor mot svenska kronor;1 GBP;10.4237
2011-10-13;Valutor mot svenska kronor;1 GBP;10.3754
2011-10-14;Valutor mot svenska kronor;1 GBP;10.4949
2011-10-17;Valutor mot svenska kronor;1 GBP;10.4017
2011-10-18;Valutor mot svenska kronor;1 GBP;10.5521
2011-10-19;Valutor mot svenska kronor;1 GBP;10.4105
2011-10-20;Valutor mot svenska kronor;1 GBP;10.4556
2011-10-21;Valutor mot svenska kronor;1 GBP;10.4536
2011-10-24;Valutor mot svenska kronor;1 GBP;10.4515
2011-10-25;Valutor mot svenska kronor;1 GBP;10.4719
2011-10-26;Valutor mot svenska kronor;1 GBP;10.4853
2011-10-27;Valutor mot svenska kronor;1 GBP;10.3524
2011-10-28;Valutor mot svenska kronor;1 GBP;10.2346
2011-10-31;Valutor mot svenska kronor;1 GBP;10.3212
2011-11-01;Valutor mot svenska kronor;1 GBP;10.5535
2011-11-02;Valutor mot svenska kronor;1 GBP;10.551
2011-11-03;Valutor mot svenska kronor;1 GBP;10.5839
2011-11-04;Valutor mot svenska kronor;1 GBP;10.5341
2011-11-07;Valutor mot svenska kronor;1 GBP;10.599
2011-11-08;Valutor mot svenska kronor;1 GBP;10.5673
2011-11-09;Valutor mot svenska kronor;1 GBP;10.5502
2011-11-10;Valutor mot svenska kronor;1 GBP;10.679
2011-11-11;Valutor mot svenska kronor;1 GBP;10.6075
2011-11-14;Valutor mot svenska kronor;1 GBP;10.601
2011-11-15;Valutor mot svenska kronor;1 GBP;10.6886
2011-11-16;Valutor mot svenska kronor;1 GBP;10.6851
2011-11-17;Valutor mot svenska kronor;1 GBP;10.6957
2011-11-18;Valutor mot svenska kronor;1 GBP;10.7182
2011-11-21;Valutor mot svenska kronor;1 GBP;10.696
2011-11-22;Valutor mot svenska kronor;1 GBP;10.6469
2011-11-23;Valutor mot svenska kronor;1 GBP;10.6816
2011-11-24;Valutor mot svenska kronor;1 GBP;10.7151
2011-11-25;Valutor mot svenska kronor;1 GBP;10.7828
2011-11-28;Valutor mot svenska kronor;1 GBP;10.7796
2011-11-29;Valutor mot svenska kronor;1 GBP;10.7733
2011-11-30;Valutor mot svenska kronor;1 GBP;10.7649
2011-12-01;Valutor mot svenska kronor;1 GBP;10.6376
2011-12-02;Valutor mot svenska kronor;1 GBP;10.6076
2011-12-05;Valutor mot svenska kronor;1 GBP;10.5361
2011-12-06;Valutor mot svenska kronor;1 GBP;10.5868
2011-12-07;Valutor mot svenska kronor;1 GBP;10.4942
2011-12-08;Valutor mot svenska kronor;1 GBP;10.5542
2011-12-09;Valutor mot svenska kronor;1 GBP;10.6287
2011-12-12;Valutor mot svenska kronor;1 GBP;10.5793
2011-12-13;Valutor mot svenska kronor;1 GBP;10.7076
2011-12-14;Valutor mot svenska kronor;1 GBP;10.8231
2011-12-15;Valutor mot svenska kronor;1 GBP;10.7961
2011-12-16;Valutor mot svenska kronor;1 GBP;10.7933
2011-12-19;Valutor mot svenska kronor;1 GBP;10.7129
2011-12-20;Valutor mot svenska kronor;1 GBP;10.757
2011-12-21;Valutor mot svenska kronor;1 GBP;10.7274
2011-12-22;Valutor mot svenska kronor;1 GBP;10.7727
2011-12-23;Valutor mot svenska kronor;1 GBP;10.7595
2011-12-27;Valutor mot svenska kronor;1 GBP;10.7252
2011-12-28;Valutor mot svenska kronor;1 GBP;10.7212
2011-12-29;Valutor mot svenska kronor;1 GBP;10.7049
2011-12-30;Valutor mot svenska kronor;1 GBP;10.6768
2012-01-02;Valutor mot svenska kronor;1 GBP;10.6643
2012-01-03;Valutor mot svenska kronor;1 GBP;10.6962
2012-01-04;Valutor mot svenska kronor;1 GBP;10.6673
2012-01-05;Valutor mot svenska kronor;1 GBP;10.6906
2012-01-09;Valutor mot svenska kronor;1 GBP;10.6874
2012-01-10;Valutor mot svenska kronor;1 GBP;10.6818
2012-01-11;Valutor mot svenska kronor;1 GBP;10.6709
2012-01-12;Valutor mot svenska kronor;1 GBP;10.617
2012-01-13;Valutor mot svenska kronor;1 GBP;10.6264
2012-01-16;Valutor mot svenska kronor;1 GBP;10.7084
2012-01-17;Valutor mot svenska kronor;1 GBP;10.6542
2012-01-18;Valutor mot svenska kronor;1 GBP;10.6092
2012-01-19;Valutor mot svenska kronor;1 GBP;10.557
2012-01-20;Valutor mot svenska kronor;1 GBP;10.4906
2012-01-23;Valutor mot svenska kronor;1 GBP;10.5406
2012-01-24;Valutor mot svenska kronor;1 GBP;10.5026
2012-01-25;Valutor mot svenska kronor;1 GBP;10.5526
2012-01-26;Valutor mot svenska kronor;1 GBP;10.5945
2012-01-27;Valutor mot svenska kronor;1 GBP;10.6531
2012-01-30;Valutor mot svenska kronor;1 GBP;10.621
2012-01-31;Valutor mot svenska kronor;1 GBP;10.628
2012-02-01;Valutor mot svenska kronor;1 GBP;10.6922
2012-02-02;Valutor mot svenska kronor;1 GBP;10.657
2012-02-03;Valutor mot svenska kronor;1 GBP;10.6559
2012-02-06;Valutor mot svenska kronor;1 GBP;10.607
2012-02-07;Valutor mot svenska kronor;1 GBP;10.6264
2012-02-08;Valutor mot svenska kronor;1 GBP;10.6021
2012-02-09;Valutor mot svenska kronor;1 GBP;10.5231
2012-02-10;Valutor mot svenska kronor;1 GBP;10.5104
2012-02-13;Valutor mot svenska kronor;1 GBP;10.4923
2012-02-14;Valutor mot svenska kronor;1 GBP;10.5026
2012-02-15;Valutor mot svenska kronor;1 GBP;10.4869
2012-02-16;Valutor mot svenska kronor;1 GBP;10.5918
2012-02-17;Valutor mot svenska kronor;1 GBP;10.6149
2012-02-20;Valutor mot svenska kronor;1 GBP;10.6224
2012-02-21;Valutor mot svenska kronor;1 GBP;10.5427
2012-02-22;Valutor mot svenska kronor;1 GBP;10.48
2012-02-23;Valutor mot svenska kronor;1 GBP;10.4314
2012-02-24;Valutor mot svenska kronor;1 GBP;10.4201
2012-02-27;Valutor mot svenska kronor;1 GBP;10.4345
2012-02-28;Valutor mot svenska kronor;1 GBP;10.4156
2012-02-29;Valutor mot svenska kronor;1 GBP;10.4421
2012-03-01;Valutor mot svenska kronor;1 GBP;10.5252
2012-03-02;Valutor mot svenska kronor;1 GBP;10.5918
2012-03-05;Valutor mot svenska kronor;1 GBP;10.5692
2012-03-06;Valutor mot svenska kronor;1 GBP;10.633
2012-03-07;Valutor mot svenska kronor;1 GBP;10.6872
2012-03-08;Valutor mot svenska kronor;1 GBP;10.6833
2012-03-09;Valutor mot svenska kronor;1 GBP;10.6312
2012-03-12;Valutor mot svenska kronor;1 GBP;10.6743
2012-03-13;Valutor mot svenska kronor;1 GBP;10.6229
2012-03-14;Valutor mot svenska kronor;1 GBP;10.6892
2012-03-15;Valutor mot svenska kronor;1 GBP;10.7152
2012-03-16;Valutor mot svenska kronor;1 GBP;10.6715
2012-03-19;Valutor mot svenska kronor;1 GBP;10.7106
2012-03-20;Valutor mot svenska kronor;1 GBP;10.6777
2012-03-21;Valutor mot svenska kronor;1 GBP;10.6888
2012-03-22;Valutor mot svenska kronor;1 GBP;10.7191
2012-03-23;Valutor mot svenska kronor;1 GBP;10.7028
2012-03-26;Valutor mot svenska kronor;1 GBP;10.6938
2012-03-27;Valutor mot svenska kronor;1 GBP;10.6563
2012-03-28;Valutor mot svenska kronor;1 GBP;10.5947
2012-03-29;Valutor mot svenska kronor;1 GBP;10.5603
2012-03-30;Valutor mot svenska kronor;1 GBP;10.6017
2012-04-02;Valutor mot svenska kronor;1 GBP;10.5824
2012-04-03;Valutor mot svenska kronor;1 GBP;10.5639
2012-04-04;Valutor mot svenska kronor;1 GBP;10.5944
2012-04-05;Valutor mot svenska kronor;1 GBP;10.6476
2012-04-10;Valutor mot svenska kronor;1 GBP;10.7475
2012-04-11;Valutor mot svenska kronor;1 GBP;10.8031
2012-04-12;Valutor mot svenska kronor;1 GBP;10.8068
2012-04-13;Valutor mot svenska kronor;1 GBP;10.777
2012-04-16;Valutor mot svenska kronor;1 GBP;10.8081
2012-04-17;Valutor mot svenska kronor;1 GBP;10.7761
2012-04-18;Valutor mot svenska kronor;1 GBP;10.7545
2012-04-19;Valutor mot svenska kronor;1 GBP;10.8127
2012-04-20;Valutor mot svenska kronor;1 GBP;10.8117
2012-04-23;Valutor mot svenska kronor;1 GBP;10.8214
2012-04-24;Valutor mot svenska kronor;1 GBP;10.8875
2012-04-25;Valutor mot svenska kronor;1 GBP;10.868
2012-04-26;Valutor mot svenska kronor;1 GBP;10.8573
2012-04-27;Valutor mot svenska kronor;1 GBP;10.9085
2012-04-30;Valutor mot svenska kronor;1 GBP;10.9425
2012-05-02;Valutor mot svenska kronor;1 GBP;10.9125
2012-05-03;Valutor mot svenska kronor;1 GBP;10.9138
2012-05-04;Valutor mot svenska kronor;1 GBP;10.9493
2012-05-07;Valutor mot svenska kronor;1 GBP;11.0722
2012-05-08;Valutor mot svenska kronor;1 GBP;11.0496
2012-05-09;Valutor mot svenska kronor;1 GBP;11.0759
2012-05-10;Valutor mot svenska kronor;1 GBP;11.1072
2012-05-11;Valutor mot svenska kronor;1 GBP;11.234
2012-05-14;Valutor mot svenska kronor;1 GBP;11.2425
2012-05-15;Valutor mot svenska kronor;1 GBP;11.314
2012-05-16;Valutor mot svenska kronor;1 GBP;11.5031
2012-05-18;Valutor mot svenska kronor;1 GBP;11.3889
2012-05-21;Valutor mot svenska kronor;1 GBP;11.2735
2012-05-22;Valutor mot svenska kronor;1 GBP;11.255
2012-05-23;Valutor mot svenska kronor;1 GBP;11.2769
2012-05-24;Valutor mot svenska kronor;1 GBP;11.2442
2012-05-25;Valutor mot svenska kronor;1 GBP;11.2294
2012-05-28;Valutor mot svenska kronor;1 GBP;11.2185
2012-05-29;Valutor mot svenska kronor;1 GBP;11.2325
2012-05-30;Valutor mot svenska kronor;1 GBP;11.259
2012-05-31;Valutor mot svenska kronor;1 GBP;11.2058
2012-06-01;Valutor mot svenska kronor;1 GBP;11.1864
2012-06-04;Valutor mot svenska kronor;1 GBP;11.1494
2012-06-05;Valutor mot svenska kronor;1 GBP;11.0644
2012-06-07;Valutor mot svenska kronor;1 GBP;11.0934
2012-06-08;Valutor mot svenska kronor;1 GBP;11.0897
2012-06-11;Valutor mot svenska kronor;1 GBP;10.9818
2012-06-12;Valutor mot svenska kronor;1 GBP;10.9764
2012-06-13;Valutor mot svenska kronor;1 GBP;10.9887
2012-06-14;Valutor mot svenska kronor;1 GBP;10.8926
2012-06-15;Valutor mot svenska kronor;1 GBP;10.851
2012-06-18;Valutor mot svenska kronor;1 GBP;10.9382
2012-06-19;Valutor mot svenska kronor;1 GBP;10.9833
2012-06-20;Valutor mot svenska kronor;1 GBP;10.9752
2012-06-21;Valutor mot svenska kronor;1 GBP;10.9379
2012-06-25;Valutor mot svenska kronor;1 GBP;10.9743
2012-06-26;Valutor mot svenska kronor;1 GBP;11.0191
2012-06-27;Valutor mot svenska kronor;1 GBP;11.0545
2012-06-28;Valutor mot svenska kronor;1 GBP;10.9885
2012-06-29;Valutor mot svenska kronor;1 GBP;10.8952
2012-07-02;Valutor mot svenska kronor;1 GBP;10.8632
2012-07-03;Valutor mot svenska kronor;1 GBP;10.8854
2012-07-04;Valutor mot svenska kronor;1 GBP;10.873
2012-07-05;Valutor mot svenska kronor;1 GBP;10.7847
2012-07-06;Valutor mot svenska kronor;1 GBP;10.8159
2012-07-09;Valutor mot svenska kronor;1 GBP;10.8893
2012-07-10;Valutor mot svenska kronor;1 GBP;10.8591
2012-07-11;Valutor mot svenska kronor;1 GBP;10.8382
2012-07-12;Valutor mot svenska kronor;1 GBP;10.8572
2012-07-13;Valutor mot svenska kronor;1 GBP;10.8461
2012-07-16;Valutor mot svenska kronor;1 GBP;10.9635
2012-07-17;Valutor mot svenska kronor;1 GBP;10.9988
2012-07-18;Valutor mot svenska kronor;1 GBP;10.9016
2012-07-19;Valutor mot svenska kronor;1 GBP;10.8621
2012-07-20;Valutor mot svenska kronor;1 GBP;10.8878
2012-07-23;Valutor mot svenska kronor;1 GBP;10.8549
2012-07-24;Valutor mot svenska kronor;1 GBP;10.7747
2012-07-25;Valutor mot svenska kronor;1 GBP;10.8209
2012-07-26;Valutor mot svenska kronor;1 GBP;10.7588
2012-07-27;Valutor mot svenska kronor;1 GBP;10.7611
2012-07-30;Valutor mot svenska kronor;1 GBP;10.7911
2012-07-31;Valutor mot svenska kronor;1 GBP;10.6813
2012-08-01;Valutor mot svenska kronor;1 GBP;10.5911
2012-08-02;Valutor mot svenska kronor;1 GBP;10.5121
2012-08-03;Valutor mot svenska kronor;1 GBP;10.5381
2012-08-06;Valutor mot svenska kronor;1 GBP;10.5368
2012-08-07;Valutor mot svenska kronor;1 GBP;10.456
2012-08-08;Valutor mot svenska kronor;1 GBP;10.4936
2012-08-09;Valutor mot svenska kronor;1 GBP;10.4884
2012-08-10;Valutor mot svenska kronor;1 GBP;10.4801
2012-08-13;Valutor mot svenska kronor;1 GBP;10.4706
2012-08-14;Valutor mot svenska kronor;1 GBP;10.4583
2012-08-15;Valutor mot svenska kronor;1 GBP;10.5023
2012-08-16;Valutor mot svenska kronor;1 GBP;10.4972
2012-08-17;Valutor mot svenska kronor;1 GBP;10.5543
2012-08-20;Valutor mot svenska kronor;1 GBP;10.4829
2012-08-21;Valutor mot svenska kronor;1 GBP;10.4691
2012-08-22;Valutor mot svenska kronor;1 GBP;10.523
2012-08-23;Valutor mot svenska kronor;1 GBP;10.5484
2012-08-24;Valutor mot svenska kronor;1 GBP;10.4751
2012-08-27;Valutor mot svenska kronor;1 GBP;10.4542
2012-08-28;Valutor mot svenska kronor;1 GBP;10.3839
2012-08-29;Valutor mot svenska kronor;1 GBP;10.5098
2012-08-30;Valutor mot svenska kronor;1 GBP;10.5625
2012-08-31;Valutor mot svenska kronor;1 GBP;10.5379
2012-09-03;Valutor mot svenska kronor;1 GBP;10.587
2012-09-04;Valutor mot svenska kronor;1 GBP;10.6143
2012-09-05;Valutor mot svenska kronor;1 GBP;10.6893
2012-09-06;Valutor mot svenska kronor;1 GBP;10.7455
2012-09-07;Valutor mot svenska kronor;1 GBP;10.7498
2012-09-10;Valutor mot svenska kronor;1 GBP;10.597
2012-09-11;Valutor mot svenska kronor;1 GBP;10.6271
2012-09-12;Valutor mot svenska kronor;1 GBP;10.6265
2012-09-13;Valutor mot svenska kronor;1 GBP;10.6142
2012-09-14;Valutor mot svenska kronor;1 GBP;10.6246
2012-09-17;Valutor mot svenska kronor;1 GBP;10.6769
2012-09-18;Valutor mot svenska kronor;1 GBP;10.6975
2012-09-19;Valutor mot svenska kronor;1 GBP;10.6545
2012-09-20;Valutor mot svenska kronor;1 GBP;10.6124
2012-09-21;Valutor mot svenska kronor;1 GBP;10.6266
2012-09-24;Valutor mot svenska kronor;1 GBP;10.6634
2012-09-25;Valutor mot svenska kronor;1 GBP;10.7048
2012-09-26;Valutor mot svenska kronor;1 GBP;10.6567
2012-09-27;Valutor mot svenska kronor;1 GBP;10.6716
2012-09-28;Valutor mot svenska kronor;1 GBP;10.6058
2012-10-01;Valutor mot svenska kronor;1 GBP;10.6096
2012-10-02;Valutor mot svenska kronor;1 GBP;10.6469
2012-10-03;Valutor mot svenska kronor;1 GBP;10.7112
2012-10-04;Valutor mot svenska kronor;1 GBP;10.7351
2012-10-05;Valutor mot svenska kronor;1 GBP;10.7015
2012-10-08;Valutor mot svenska kronor;1 GBP;10.6667
2012-10-09;Valutor mot svenska kronor;1 GBP;10.6536
2012-10-10;Valutor mot svenska kronor;1 GBP;10.7173
2012-10-11;Valutor mot svenska kronor;1 GBP;10.7559
2012-10-12;Valutor mot svenska kronor;1 GBP;10.7322
2012-10-15;Valutor mot svenska kronor;1 GBP;10.7574
2012-10-16;Valutor mot svenska kronor;1 GBP;10.6911
2012-10-17;Valutor mot svenska kronor;1 GBP;10.6348
2012-10-18;Valutor mot svenska kronor;1 GBP;10.5777
2012-10-19;Valutor mot svenska kronor;1 GBP;10.5155
2012-10-22;Valutor mot svenska kronor;1 GBP;10.5501
2012-10-23;Valutor mot svenska kronor;1 GBP;10.5775
2012-10-24;Valutor mot svenska kronor;1 GBP;10.6641
2012-10-25;Valutor mot svenska kronor;1 GBP;10.7174
2012-10-26;Valutor mot svenska kronor;1 GBP;10.8318
2012-10-29;Valutor mot svenska kronor;1 GBP;10.7853
2012-10-30;Valutor mot svenska kronor;1 GBP;10.7076
2012-10-31;Valutor mot svenska kronor;1 GBP;10.6844
2012-11-01;Valutor mot svenska kronor;1 GBP;10.7672
2012-11-02;Valutor mot svenska kronor;1 GBP;10.7515
2012-11-05;Valutor mot svenska kronor;1 GBP;10.7308
2012-11-06;Valutor mot svenska kronor;1 GBP;10.7002
2012-11-07;Valutor mot svenska kronor;1 GBP;10.7002
2012-11-08;Valutor mot svenska kronor;1 GBP;10.7032
2012-11-09;Valutor mot svenska kronor;1 GBP;10.7019
2012-11-12;Valutor mot svenska kronor;1 GBP;10.7343
2012-11-13;Valutor mot svenska kronor;1 GBP;10.754
2012-11-14;Valutor mot svenska kronor;1 GBP;10.767
2012-11-15;Valutor mot svenska kronor;1 GBP;10.738
2012-11-16;Valutor mot svenska kronor;1 GBP;10.7582
2012-11-19;Valutor mot svenska kronor;1 GBP;10.792
2012-11-20;Valutor mot svenska kronor;1 GBP;10.7224
2012-11-21;Valutor mot svenska kronor;1 GBP;10.7988
2012-11-22;Valutor mot svenska kronor;1 GBP;10.7266
2012-11-23;Valutor mot svenska kronor;1 GBP;10.6403
2012-11-26;Valutor mot svenska kronor;1 GBP;10.6224
2012-11-27;Valutor mot svenska kronor;1 GBP;10.6182
2012-11-28;Valutor mot svenska kronor;1 GBP;10.7118
2012-11-29;Valutor mot svenska kronor;1 GBP;10.6262
2012-11-30;Valutor mot svenska kronor;1 GBP;10.6737
2012-12-03;Valutor mot svenska kronor;1 GBP;10.6777
2012-12-04;Valutor mot svenska kronor;1 GBP;10.6611
2012-12-05;Valutor mot svenska kronor;1 GBP;10.6218
2012-12-06;Valutor mot svenska kronor;1 GBP;10.6375
2012-12-07;Valutor mot svenska kronor;1 GBP;10.6837
2012-12-10;Valutor mot svenska kronor;1 GBP;10.7225
2012-12-11;Valutor mot svenska kronor;1 GBP;10.7556
2012-12-12;Valutor mot svenska kronor;1 GBP;10.6782
2012-12-13;Valutor mot svenska kronor;1 GBP;10.7464
2012-12-14;Valutor mot svenska kronor;1 GBP;10.7601
2012-12-17;Valutor mot svenska kronor;1 GBP;10.7808
2012-12-18;Valutor mot svenska kronor;1 GBP;10.7569
2012-12-19;Valutor mot svenska kronor;1 GBP;10.7259
2012-12-20;Valutor mot svenska kronor;1 GBP;10.6539
2012-12-21;Valutor mot svenska kronor;1 GBP;10.6007
2012-12-27;Valutor mot svenska kronor;1 GBP;10.5002
2012-12-28;Valutor mot svenska kronor;1 GBP;10.4914
2013-01-02;Valutor mot svenska kronor;1 GBP;10.5324
2013-01-03;Valutor mot svenska kronor;1 GBP;10.5616
2013-01-04;Valutor mot svenska kronor;1 GBP;10.5059
2013-01-07;Valutor mot svenska kronor;1 GBP;10.5129
2013-01-08;Valutor mot svenska kronor;1 GBP;10.4687
2013-01-09;Valutor mot svenska kronor;1 GBP;10.5292
2013-01-10;Valutor mot svenska kronor;1 GBP;10.512
2013-01-11;Valutor mot svenska kronor;1 GBP;10.4863
2013-01-14;Valutor mot svenska kronor;1 GBP;10.4106
2013-01-15;Valutor mot svenska kronor;1 GBP;10.3756
2013-01-16;Valutor mot svenska kronor;1 GBP;10.4605
2013-01-17;Valutor mot svenska kronor;1 GBP;10.411
2013-01-18;Valutor mot svenska kronor;1 GBP;10.3744
2013-01-21;Valutor mot svenska kronor;1 GBP;10.3441
2013-01-22;Valutor mot svenska kronor;1 GBP;10.2973
2013-01-23;Valutor mot svenska kronor;1 GBP;10.3228
2013-01-24;Valutor mot svenska kronor;1 GBP;10.3272
2013-01-25;Valutor mot svenska kronor;1 GBP;10.2517
2013-01-28;Valutor mot svenska kronor;1 GBP;10.178
2013-01-29;Valutor mot svenska kronor;1 GBP;10.0976
2013-01-30;Valutor mot svenska kronor;1 GBP;10.0231
2013-01-31;Valutor mot svenska kronor;1 GBP;10.061
2013-02-01;Valutor mot svenska kronor;1 GBP;10.0269
2013-02-04;Valutor mot svenska kronor;1 GBP;9.9203
2013-02-05;Valutor mot svenska kronor;1 GBP;9.9693
2013-02-06;Valutor mot svenska kronor;1 GBP;9.9294
2013-02-07;Valutor mot svenska kronor;1 GBP;9.94
2013-02-08;Valutor mot svenska kronor;1 GBP;10.0884
2013-02-11;Valutor mot svenska kronor;1 GBP;10.1368
2013-02-12;Valutor mot svenska kronor;1 GBP;10.0239
2013-02-13;Valutor mot svenska kronor;1 GBP;9.9345
2013-02-14;Valutor mot svenska kronor;1 GBP;9.7822
2013-02-15;Valutor mot svenska kronor;1 GBP;9.8366
2013-02-18;Valutor mot svenska kronor;1 GBP;9.802
2013-02-19;Valutor mot svenska kronor;1 GBP;9.8044
2013-02-20;Valutor mot svenska kronor;1 GBP;9.7102
2013-02-21;Valutor mot svenska kronor;1 GBP;9.6723
2013-02-22;Valutor mot svenska kronor;1 GBP;9.7687
2013-02-25;Valutor mot svenska kronor;1 GBP;9.6852
2013-02-26;Valutor mot svenska kronor;1 GBP;9.8128
2013-02-27;Valutor mot svenska kronor;1 GBP;9.7404
2013-02-28;Valutor mot svenska kronor;1 GBP;9.7716
2013-03-01;Valutor mot svenska kronor;1 GBP;9.7528
2013-03-04;Valutor mot svenska kronor;1 GBP;9.6842
2013-03-05;Valutor mot svenska kronor;1 GBP;9.6828
2013-03-06;Valutor mot svenska kronor;1 GBP;9.6349
2013-03-07;Valutor mot svenska kronor;1 GBP;9.5765
2013-03-08;Valutor mot svenska kronor;1 GBP;9.5064
2013-03-11;Valutor mot svenska kronor;1 GBP;9.567
2013-03-12;Valutor mot svenska kronor;1 GBP;9.5479
2013-03-13;Valutor mot svenska kronor;1 GBP;9.4911
2013-03-14;Valutor mot svenska kronor;1 GBP;9.6151
2013-03-15;Valutor mot svenska kronor;1 GBP;9.7075
2013-03-18;Valutor mot svenska kronor;1 GBP;9.7373
2013-03-19;Valutor mot svenska kronor;1 GBP;9.7343
2013-03-20;Valutor mot svenska kronor;1 GBP;9.7319
2013-03-21;Valutor mot svenska kronor;1 GBP;9.7943
2013-03-22;Valutor mot svenska kronor;1 GBP;9.8613
2013-03-25;Valutor mot svenska kronor;1 GBP;9.8716
2013-03-26;Valutor mot svenska kronor;1 GBP;9.8906
2013-03-27;Valutor mot svenska kronor;1 GBP;9.8448
2013-03-28;Valutor mot svenska kronor;1 GBP;9.8806
2013-04-02;Valutor mot svenska kronor;1 GBP;9.8684
2013-04-03;Valutor mot svenska kronor;1 GBP;9.8228
2013-04-04;Valutor mot svenska kronor;1 GBP;9.8603
2013-04-05;Valutor mot svenska kronor;1 GBP;9.91
2013-04-08;Valutor mot svenska kronor;1 GBP;9.8842
2013-04-09;Valutor mot svenska kronor;1 GBP;9.7908
2013-04-10;Valutor mot svenska kronor;1 GBP;9.798
2013-04-11;Valutor mot svenska kronor;1 GBP;9.7857
2013-04-12;Valutor mot svenska kronor;1 GBP;9.7793
2013-04-15;Valutor mot svenska kronor;1 GBP;9.7897
2013-04-16;Valutor mot svenska kronor;1 GBP;9.7985
2013-04-17;Valutor mot svenska kronor;1 GBP;9.8222
2013-04-18;Valutor mot svenska kronor;1 GBP;9.9215
2013-04-19;Valutor mot svenska kronor;1 GBP;9.9893
2013-04-22;Valutor mot svenska kronor;1 GBP;9.9399
2013-04-23;Valutor mot svenska kronor;1 GBP;10.0124
2013-04-24;Valutor mot svenska kronor;1 GBP;10.1166
2013-04-25;Valutor mot svenska kronor;1 GBP;10.0895
2013-04-26;Valutor mot svenska kronor;1 GBP;10.1636
2013-04-29;Valutor mot svenska kronor;1 GBP;10.1754
2013-04-30;Valutor mot svenska kronor;1 GBP;10.1617
2013-05-02;Valutor mot svenska kronor;1 GBP;10.1138
2013-05-03;Valutor mot svenska kronor;1 GBP;10.1335
2013-05-06;Valutor mot svenska kronor;1 GBP;10.1444
2013-05-07;Valutor mot svenska kronor;1 GBP;10.159
2013-05-08;Valutor mot svenska kronor;1 GBP;10.0971
2013-05-10;Valutor mot svenska kronor;1 GBP;10.1524
2013-05-13;Valutor mot svenska kronor;1 GBP;10.1646
2013-05-14;Valutor mot svenska kronor;1 GBP;10.1479
2013-05-15;Valutor mot svenska kronor;1 GBP;10.1824
2013-05-16;Valutor mot svenska kronor;1 GBP;10.166
2013-05-17;Valutor mot svenska kronor;1 GBP;10.1736
2013-05-20;Valutor mot svenska kronor;1 GBP;10.1697
2013-05-21;Valutor mot svenska kronor;1 GBP;10.1266
2013-05-22;Valutor mot svenska kronor;1 GBP;10.0168
2013-05-23;Valutor mot svenska kronor;1 GBP;10.0145
2013-05-24;Valutor mot svenska kronor;1 GBP;10.0638
2013-05-27;Valutor mot svenska kronor;1 GBP;10.0592
2013-05-28;Valutor mot svenska kronor;1 GBP;10.06
2013-05-29;Valutor mot svenska kronor;1 GBP;10.0664
2013-05-30;Valutor mot svenska kronor;1 GBP;10.0644
2013-05-31;Valutor mot svenska kronor;1 GBP;10.0113
2013-06-03;Valutor mot svenska kronor;1 GBP;10.066
2013-06-04;Valutor mot svenska kronor;1 GBP;10.0184
2013-06-05;Valutor mot svenska kronor;1 GBP;10.0852
2013-06-07;Valutor mot svenska kronor;1 GBP;10.1919
2013-06-10;Valutor mot svenska kronor;1 GBP;10.2084
2013-06-11;Valutor mot svenska kronor;1 GBP;10.2203
2013-06-12;Valutor mot svenska kronor;1 GBP;10.2476
2013-06-13;Valutor mot svenska kronor;1 GBP;10.2084
2013-06-14;Valutor mot svenska kronor;1 GBP;10.1736
2013-06-17;Valutor mot svenska kronor;1 GBP;10.1314
2013-06-18;Valutor mot svenska kronor;1 GBP;10.1512
2013-06-19;Valutor mot svenska kronor;1 GBP;10.0498
2013-06-20;Valutor mot svenska kronor;1 GBP;10.0053
2013-06-24;Valutor mot svenska kronor;1 GBP;10.303
2013-06-25;Valutor mot svenska kronor;1 GBP;10.3973
2013-06-26;Valutor mot svenska kronor;1 GBP;10.3307
2013-06-27;Valutor mot svenska kronor;1 GBP;10.3213
2013-06-28;Valutor mot svenska kronor;1 GBP;10.2455
2013-07-01;Valutor mot svenska kronor;1 GBP;10.1379
2013-07-02;Valutor mot svenska kronor;1 GBP;10.1549
2013-07-03;Valutor mot svenska kronor;1 GBP;10.2213
2013-07-04;Valutor mot svenska kronor;1 GBP;10.2193
2013-07-05;Valutor mot svenska kronor;1 GBP;10.0555
2013-07-08;Valutor mot svenska kronor;1 GBP;10.1822
2013-07-09;Valutor mot svenska kronor;1 GBP;10.1476
2013-07-10;Valutor mot svenska kronor;1 GBP;10.1359
2013-07-11;Valutor mot svenska kronor;1 GBP;10.0475
2013-07-12;Valutor mot svenska kronor;1 GBP;10.083
2013-07-15;Valutor mot svenska kronor;1 GBP;10.0779
2013-07-16;Valutor mot svenska kronor;1 GBP;10.0833
2013-07-17;Valutor mot svenska kronor;1 GBP;9.974
2013-07-18;Valutor mot svenska kronor;1 GBP;9.9991
2013-07-19;Valutor mot svenska kronor;1 GBP;9.9819
2013-07-22;Valutor mot svenska kronor;1 GBP;9.9758
2013-07-23;Valutor mot svenska kronor;1 GBP;9.9308
2013-07-24;Valutor mot svenska kronor;1 GBP;9.9234
2013-07-25;Valutor mot svenska kronor;1 GBP;9.978
2013-07-26;Valutor mot svenska kronor;1 GBP;9.9504
2013-07-29;Valutor mot svenska kronor;1 GBP;9.9542
2013-07-30;Valutor mot svenska kronor;1 GBP;9.9675
2013-07-31;Valutor mot svenska kronor;1 GBP;9.9926
2013-08-01;Valutor mot svenska kronor;1 GBP;9.9324
2013-08-02;Valutor mot svenska kronor;1 GBP;9.9967
2013-08-05;Valutor mot svenska kronor;1 GBP;10.0817
2013-08-06;Valutor mot svenska kronor;1 GBP;10.101
2013-08-07;Valutor mot svenska kronor;1 GBP;10.0714
2013-08-08;Valutor mot svenska kronor;1 GBP;10.0816
2013-08-09;Valutor mot svenska kronor;1 GBP;10.0894
2013-08-12;Valutor mot svenska kronor;1 GBP;10.0932
2013-08-13;Valutor mot svenska kronor;1 GBP;10.088
2013-08-14;Valutor mot svenska kronor;1 GBP;10.0875
2013-08-15;Valutor mot svenska kronor;1 GBP;10.0829
2013-08-16;Valutor mot svenska kronor;1 GBP;10.1674
2013-08-19;Valutor mot svenska kronor;1 GBP;10.1954
2013-08-20;Valutor mot svenska kronor;1 GBP;10.1997
2013-08-21;Valutor mot svenska kronor;1 GBP;10.2089
2013-08-22;Valutor mot svenska kronor;1 GBP;10.2452
2013-08-23;Valutor mot svenska kronor;1 GBP;10.1896
2013-08-26;Valutor mot svenska kronor;1 GBP;10.1218
2013-08-27;Valutor mot svenska kronor;1 GBP;10.1176
2013-08-28;Valutor mot svenska kronor;1 GBP;10.0483
2013-08-29;Valutor mot svenska kronor;1 GBP;10.1669
2013-08-30;Valutor mot svenska kronor;1 GBP;10.2332
2013-09-02;Valutor mot svenska kronor;1 GBP;10.287
2013-09-03;Valutor mot svenska kronor;1 GBP;10.2957
2013-09-04;Valutor mot svenska kronor;1 GBP;10.3155
2013-09-05;Valutor mot svenska kronor;1 GBP;10.3373
2013-09-06;Valutor mot svenska kronor;1 GBP;10.3884
2013-09-09;Valutor mot svenska kronor;1 GBP;10.3832
2013-09-10;Valutor mot svenska kronor;1 GBP;10.2988
2013-09-11;Valutor mot svenska kronor;1 GBP;10.2995
2013-09-12;Valutor mot svenska kronor;1 GBP;10.3053
2013-09-13;Valutor mot svenska kronor;1 GBP;10.3176
2013-09-16;Valutor mot svenska kronor;1 GBP;10.3842
2013-09-17;Valutor mot svenska kronor;1 GBP;10.3313
2013-09-18;Valutor mot svenska kronor;1 GBP;10.3004
2013-09-19;Valutor mot svenska kronor;1 GBP;10.2447
2013-09-20;Valutor mot svenska kronor;1 GBP;10.1709
2013-09-23;Valutor mot svenska kronor;1 GBP;10.1915
2013-09-24;Valutor mot svenska kronor;1 GBP;10.2202
2013-09-25;Valutor mot svenska kronor;1 GBP;10.2539
2013-09-26;Valutor mot svenska kronor;1 GBP;10.3319
2013-09-27;Valutor mot svenska kronor;1 GBP;10.3408
2013-09-30;Valutor mot svenska kronor;1 GBP;10.3784
2013-10-01;Valutor mot svenska kronor;1 GBP;10.3296
2013-10-02;Valutor mot svenska kronor;1 GBP;10.3396
2013-10-03;Valutor mot svenska kronor;1 GBP;10.3184
2013-10-04;Valutor mot svenska kronor;1 GBP;10.2509
2013-10-07;Valutor mot svenska kronor;1 GBP;10.329
2013-10-08;Valutor mot svenska kronor;1 GBP;10.302
2013-10-09;Valutor mot svenska kronor;1 GBP;10.3452
2013-10-10;Valutor mot svenska kronor;1 GBP;10.324
2013-10-11;Valutor mot svenska kronor;1 GBP;10.3813
2013-10-14;Valutor mot svenska kronor;1 GBP;10.3502
2013-10-15;Valutor mot svenska kronor;1 GBP;10.3159
2013-10-16;Valutor mot svenska kronor;1 GBP;10.415
2013-10-17;Valutor mot svenska kronor;1 GBP;10.3399
2013-10-18;Valutor mot svenska kronor;1 GBP;10.3734
2013-10-21;Valutor mot svenska kronor;1 GBP;10.3903
2013-10-22;Valutor mot svenska kronor;1 GBP;10.3342
2013-10-23;Valutor mot svenska kronor;1 GBP;10.3084
2013-10-24;Valutor mot svenska kronor;1 GBP;10.313
2013-10-25;Valutor mot svenska kronor;1 GBP;10.2674
2013-10-28;Valutor mot svenska kronor;1 GBP;10.2298
2013-10-29;Valutor mot svenska kronor;1 GBP;10.2449
2013-10-30;Valutor mot svenska kronor;1 GBP;10.2485
2013-10-31;Valutor mot svenska kronor;1 GBP;10.2991
2013-11-01;Valutor mot svenska kronor;1 GBP;10.4186
2013-11-04;Valutor mot svenska kronor;1 GBP;10.3942
2013-11-05;Valutor mot svenska kronor;1 GBP;10.4214
2013-11-06;Valutor mot svenska kronor;1 GBP;10.4567
2013-11-07;Valutor mot svenska kronor;1 GBP;10.447
2013-11-08;Valutor mot svenska kronor;1 GBP;10.5306
2013-11-11;Valutor mot svenska kronor;1 GBP;10.5541
2013-11-12;Valutor mot svenska kronor;1 GBP;10.5462
2013-11-13;Valutor mot svenska kronor;1 GBP;10.5877
2013-11-14;Valutor mot svenska kronor;1 GBP;10.6783
2013-11-15;Valutor mot svenska kronor;1 GBP;10.7021
2013-11-18;Valutor mot svenska kronor;1 GBP;10.705
2013-11-19;Valutor mot svenska kronor;1 GBP;10.6501
2013-11-20;Valutor mot svenska kronor;1 GBP;10.6862
2013-11-21;Valutor mot svenska kronor;1 GBP;10.7159
2013-11-22;Valutor mot svenska kronor;1 GBP;10.6963
2013-11-25;Valutor mot svenska kronor;1 GBP;10.6786
2013-11-26;Valutor mot svenska kronor;1 GBP;10.599
2013-11-27;Valutor mot svenska kronor;1 GBP;10.6555
2013-11-28;Valutor mot svenska kronor;1 GBP;10.7373
2013-11-29;Valutor mot svenska kronor;1 GBP;10.7281
2013-12-02;Valutor mot svenska kronor;1 GBP;10.7081
2013-12-03;Valutor mot svenska kronor;1 GBP;10.722
2013-12-04;Valutor mot svenska kronor;1 GBP;10.6632
2013-12-05;Valutor mot svenska kronor;1 GBP;10.6618
2013-12-06;Valutor mot svenska kronor;1 GBP;10.6224
2013-12-09;Valutor mot svenska kronor;1 GBP;10.6496
2013-12-10;Valutor mot svenska kronor;1 GBP;10.7641
2013-12-11;Valutor mot svenska kronor;1 GBP;10.7358
2013-12-12;Valutor mot svenska kronor;1 GBP;10.7565
2013-12-13;Valutor mot svenska kronor;1 GBP;10.7988
2013-12-16;Valutor mot svenska kronor;1 GBP;10.7168
2013-12-17;Valutor mot svenska kronor;1 GBP;10.7114
2013-12-18;Valutor mot svenska kronor;1 GBP;10.6408
2013-12-19;Valutor mot svenska kronor;1 GBP;10.7055
2013-12-20;Valutor mot svenska kronor;1 GBP;10.7637
2013-12-23;Valutor mot svenska kronor;1 GBP;10.759
2013-12-27;Valutor mot svenska kronor;1 GBP;10.7458
2013-12-30;Valutor mot svenska kronor;1 GBP;10.7329
2014-01-02;Valutor mot svenska kronor;1 GBP;10.7313
2014-01-03;Valutor mot svenska kronor;1 GBP;10.7159
2014-01-07;Valutor mot svenska kronor;1 GBP;10.6706
2014-01-08;Valutor mot svenska kronor;1 GBP;10.7296
2014-01-09;Valutor mot svenska kronor;1 GBP;10.8193
2014-01-10;Valutor mot svenska kronor;1 GBP;10.769
2014-01-13;Valutor mot svenska kronor;1 GBP;10.6675
2014-01-14;Valutor mot svenska kronor;1 GBP;10.6293
2014-01-15;Valutor mot svenska kronor;1 GBP;10.5857
2014-01-16;Valutor mot svenska kronor;1 GBP;10.5711
2014-01-17;Valutor mot svenska kronor;1 GBP;10.5698
2014-01-20;Valutor mot svenska kronor;1 GBP;10.6455
2014-01-21;Valutor mot svenska kronor;1 GBP;10.6717
2014-01-22;Valutor mot svenska kronor;1 GBP;10.6872
2014-01-23;Valutor mot svenska kronor;1 GBP;10.6953
2014-01-24;Valutor mot svenska kronor;1 GBP;10.7271
2014-01-27;Valutor mot svenska kronor;1 GBP;10.6399
2014-01-28;Valutor mot svenska kronor;1 GBP;10.6675
2014-01-29;Valutor mot svenska kronor;1 GBP;10.6581
2014-01-30;Valutor mot svenska kronor;1 GBP;10.7135
2014-01-31;Valutor mot svenska kronor;1 GBP;10.7489
2014-02-03;Valutor mot svenska kronor;1 GBP;10.7147
2014-02-04;Valutor mot svenska kronor;1 GBP;10.6629
2014-02-05;Valutor mot svenska kronor;1 GBP;10.6658
2014-02-06;Valutor mot svenska kronor;1 GBP;10.65
2014-02-07;Valutor mot svenska kronor;1 GBP;10.6306
2014-02-10;Valutor mot svenska kronor;1 GBP;10.6356
2014-02-11;Valutor mot svenska kronor;1 GBP;10.5938
2014-02-12;Valutor mot svenska kronor;1 GBP;10.5967
2014-02-13;Valutor mot svenska kronor;1 GBP;10.708
2014-02-14;Valutor mot svenska kronor;1 GBP;10.772
2014-02-17;Valutor mot svenska kronor;1 GBP;10.8071
2014-02-18;Valutor mot svenska kronor;1 GBP;10.7927
2014-02-19;Valutor mot svenska kronor;1 GBP;10.8448
2014-02-20;Valutor mot svenska kronor;1 GBP;10.88
2014-02-21;Valutor mot svenska kronor;1 GBP;10.9442
2014-02-24;Valutor mot svenska kronor;1 GBP;10.8378
2014-02-25;Valutor mot svenska kronor;1 GBP;10.8338
2014-02-26;Valutor mot svenska kronor;1 GBP;10.8466
2014-02-27;Valutor mot svenska kronor;1 GBP;10.8567
2014-02-28;Valutor mot svenska kronor;1 GBP;10.8602
2014-03-03;Valutor mot svenska kronor;1 GBP;10.7541
2014-03-04;Valutor mot svenska kronor;1 GBP;10.7788
2014-03-05;Valutor mot svenska kronor;1 GBP;10.7675
2014-03-06;Valutor mot svenska kronor;1 GBP;10.7513
2014-03-07;Valutor mot svenska kronor;1 GBP;10.6986
2014-03-10;Valutor mot svenska kronor;1 GBP;10.6637
2014-03-11;Valutor mot svenska kronor;1 GBP;10.6227
2014-03-12;Valutor mot svenska kronor;1 GBP;10.6091
2014-03-13;Valutor mot svenska kronor;1 GBP;10.5612
2014-03-14;Valutor mot svenska kronor;1 GBP;10.6035
2014-03-17;Valutor mot svenska kronor;1 GBP;10.6432
2014-03-18;Valutor mot svenska kronor;1 GBP;10.573
2014-03-19;Valutor mot svenska kronor;1 GBP;10.5326
2014-03-20;Valutor mot svenska kronor;1 GBP;10.6021
2014-03-21;Valutor mot svenska kronor;1 GBP;10.5765
2014-03-24;Valutor mot svenska kronor;1 GBP;10.5926
2014-03-25;Valutor mot svenska kronor;1 GBP;10.5632
2014-03-26;Valutor mot svenska kronor;1 GBP;10.6318
2014-03-27;Valutor mot svenska kronor;1 GBP;10.7329
2014-03-28;Valutor mot svenska kronor;1 GBP;10.7828
2014-03-31;Valutor mot svenska kronor;1 GBP;10.8314
2014-04-01;Valutor mot svenska kronor;1 GBP;10.7501
2014-04-02;Valutor mot svenska kronor;1 GBP;10.7338
2014-04-03;Valutor mot svenska kronor;1 GBP;10.8106
2014-04-04;Valutor mot svenska kronor;1 GBP;10.8462
2014-04-07;Valutor mot svenska kronor;1 GBP;10.8478
2014-04-08;Valutor mot svenska kronor;1 GBP;10.8467
2014-04-09;Valutor mot svenska kronor;1 GBP;10.8691
2014-04-10;Valutor mot svenska kronor;1 GBP;10.9411
2014-04-11;Valutor mot svenska kronor;1 GBP;10.9561
2014-04-14;Valutor mot svenska kronor;1 GBP;10.9564
2014-04-15;Valutor mot svenska kronor;1 GBP;10.9747
2014-04-16;Valutor mot svenska kronor;1 GBP;10.9869
2014-04-17;Valutor mot svenska kronor;1 GBP;11.0697
2014-04-22;Valutor mot svenska kronor;1 GBP;11.104
2014-04-23;Valutor mot svenska kronor;1 GBP;11.07
2014-04-24;Valutor mot svenska kronor;1 GBP;11.0117
2014-04-25;Valutor mot svenska kronor;1 GBP;11.056
2014-04-28;Valutor mot svenska kronor;1 GBP;11.0538
2014-04-29;Valutor mot svenska kronor;1 GBP;11.0049
2014-04-30;Valutor mot svenska kronor;1 GBP;11.0429
2014-05-02;Valutor mot svenska kronor;1 GBP;11.029
2014-05-05;Valutor mot svenska kronor;1 GBP;11.0087
2014-05-06;Valutor mot svenska kronor;1 GBP;11.039
2014-05-07;Valutor mot svenska kronor;1 GBP;11.0428
2014-05-08;Valutor mot svenska kronor;1 GBP;11.0084
2014-05-09;Valutor mot svenska kronor;1 GBP;11.0293
2014-05-12;Valutor mot svenska kronor;1 GBP;11.0586
2014-05-13;Valutor mot svenska kronor;1 GBP;11.0508
2014-05-14;Valutor mot svenska kronor;1 GBP;11.0488
2014-05-15;Valutor mot svenska kronor;1 GBP;10.9948
2014-05-16;Valutor mot svenska kronor;1 GBP;11.0411
2014-05-19;Valutor mot svenska kronor;1 GBP;11.0535
2014-05-20;Valutor mot svenska kronor;1 GBP;11.1139
2014-05-21;Valutor mot svenska kronor;1 GBP;11.1051
2014-05-22;Valutor mot svenska kronor;1 GBP;11.1048
2014-05-23;Valutor mot svenska kronor;1 GBP;11.1762
2014-05-26;Valutor mot svenska kronor;1 GBP;11.1689
2014-05-27;Valutor mot svenska kronor;1 GBP;11.1803
2014-05-28;Valutor mot svenska kronor;1 GBP;11.1189
2014-05-30;Valutor mot svenska kronor;1 GBP;11.1452
2014-06-02;Valutor mot svenska kronor;1 GBP;11.2044
2014-06-03;Valutor mot svenska kronor;1 GBP;11.2063
2014-06-04;Valutor mot svenska kronor;1 GBP;11.1536
2014-06-05;Valutor mot svenska kronor;1 GBP;11.1378
2014-06-09;Valutor mot svenska kronor;1 GBP;11.1664
2014-06-10;Valutor mot svenska kronor;1 GBP;11.2176
2014-06-11;Valutor mot svenska kronor;1 GBP;11.2203
2014-06-12;Valutor mot svenska kronor;1 GBP;11.2565
2014-06-13;Valutor mot svenska kronor;1 GBP;11.3175
2014-06-16;Valutor mot svenska kronor;1 GBP;11.3179
2014-06-17;Valutor mot svenska kronor;1 GBP;11.2712
2014-06-18;Valutor mot svenska kronor;1 GBP;11.2701
2014-06-19;Valutor mot svenska kronor;1 GBP;11.2722
2014-06-23;Valutor mot svenska kronor;1 GBP;11.4429
2014-06-24;Valutor mot svenska kronor;1 GBP;11.4121
2014-06-25;Valutor mot svenska kronor;1 GBP;11.4154
2014-06-26;Valutor mot svenska kronor;1 GBP;11.4276
2014-06-27;Valutor mot svenska kronor;1 GBP;11.4858
2014-06-30;Valutor mot svenska kronor;1 GBP;11.474
2014-07-01;Valutor mot svenska kronor;1 GBP;11.4296
2014-07-02;Valutor mot svenska kronor;1 GBP;11.4854
2014-07-03;Valutor mot svenska kronor;1 GBP;11.5853
2014-07-04;Valutor mot svenska kronor;1 GBP;11.7445
2014-07-07;Valutor mot svenska kronor;1 GBP;11.76
2014-07-08;Valutor mot svenska kronor;1 GBP;11.7107
2014-07-09;Valutor mot svenska kronor;1 GBP;11.6856
2014-07-10;Valutor mot svenska kronor;1 GBP;11.6074
2014-07-11;Valutor mot svenska kronor;1 GBP;11.6201
2014-07-14;Valutor mot svenska kronor;1 GBP;11.6256
2014-07-15;Valutor mot svenska kronor;1 GBP;11.5999
2014-07-16;Valutor mot svenska kronor;1 GBP;11.7054
2014-07-17;Valutor mot svenska kronor;1 GBP;11.6811
2014-07-18;Valutor mot svenska kronor;1 GBP;11.6802
2014-07-21;Valutor mot svenska kronor;1 GBP;11.6817
2014-07-22;Valutor mot svenska kronor;1 GBP;11.7012
2014-07-23;Valutor mot svenska kronor;1 GBP;11.6968
2014-07-24;Valutor mot svenska kronor;1 GBP;11.6742
2014-07-25;Valutor mot svenska kronor;1 GBP;11.5898
2014-07-28;Valutor mot svenska kronor;1 GBP;11.5785
2014-07-29;Valutor mot svenska kronor;1 GBP;11.6159
2014-07-30;Valutor mot svenska kronor;1 GBP;11.647
2014-07-31;Valutor mot svenska kronor;1 GBP;11.6501
2014-08-01;Valutor mot svenska kronor;1 GBP;11.6234
2014-08-04;Valutor mot svenska kronor;1 GBP;11.5621
2014-08-05;Valutor mot svenska kronor;1 GBP;11.5812
2014-08-06;Valutor mot svenska kronor;1 GBP;11.6366
2014-08-07;Valutor mot svenska kronor;1 GBP;11.6317
2014-08-08;Valutor mot svenska kronor;1 GBP;11.6273
2014-08-11;Valutor mot svenska kronor;1 GBP;11.576
2014-08-12;Valutor mot svenska kronor;1 GBP;11.5433
2014-08-13;Valutor mot svenska kronor;1 GBP;11.5847
2014-08-14;Valutor mot svenska kronor;1 GBP;11.4667
2014-08-15;Valutor mot svenska kronor;1 GBP;11.4382
2014-08-18;Valutor mot svenska kronor;1 GBP;11.4612
2014-08-19;Valutor mot svenska kronor;1 GBP;11.4619
2014-08-20;Valutor mot svenska kronor;1 GBP;11.4527
2014-08-21;Valutor mot svenska kronor;1 GBP;11.4774
2014-08-22;Valutor mot svenska kronor;1 GBP;11.4346
2014-08-25;Valutor mot svenska kronor;1 GBP;11.492
2014-08-26;Valutor mot svenska kronor;1 GBP;11.496
2014-08-27;Valutor mot svenska kronor;1 GBP;11.5038
2014-08-28;Valutor mot svenska kronor;1 GBP;11.5231
2014-08-29;Valutor mot svenska kronor;1 GBP;11.5736
2014-09-01;Valutor mot svenska kronor;1 GBP;11.6551
2014-09-02;Valutor mot svenska kronor;1 GBP;11.5982
2014-09-03;Valutor mot svenska kronor;1 GBP;11.5471
2014-09-04;Valutor mot svenska kronor;1 GBP;11.5394
2014-09-05;Valutor mot svenska kronor;1 GBP;11.5513
2014-09-08;Valutor mot svenska kronor;1 GBP;11.4712
2014-09-09;Valutor mot svenska kronor;1 GBP;11.4511
2014-09-10;Valutor mot svenska kronor;1 GBP;11.4866
2014-09-11;Valutor mot svenska kronor;1 GBP;11.5334
2014-09-12;Valutor mot svenska kronor;1 GBP;11.6058
2014-09-15;Valutor mot svenska kronor;1 GBP;11.6216
2014-09-16;Valutor mot svenska kronor;1 GBP;11.5429
2014-09-17;Valutor mot svenska kronor;1 GBP;11.603
2014-09-18;Valutor mot svenska kronor;1 GBP;11.647
2014-09-19;Valutor mot svenska kronor;1 GBP;11.7101
2014-09-22;Valutor mot svenska kronor;1 GBP;11.6649
2014-09-23;Valutor mot svenska kronor;1 GBP;11.6751
2014-09-24;Valutor mot svenska kronor;1 GBP;11.7027
2014-09-25;Valutor mot svenska kronor;1 GBP;11.7486
2014-09-26;Valutor mot svenska kronor;1 GBP;11.7593
2014-09-29;Valutor mot svenska kronor;1 GBP;11.7904
2014-09-30;Valutor mot svenska kronor;1 GBP;11.7713
2014-10-01;Valutor mot svenska kronor;1 GBP;11.6812
2014-10-02;Valutor mot svenska kronor;1 GBP;11.682
2014-10-03;Valutor mot svenska kronor;1 GBP;11.6037
2014-10-06;Valutor mot svenska kronor;1 GBP;11.5692
2014-10-07;Valutor mot svenska kronor;1 GBP;11.5524
2014-10-08;Valutor mot svenska kronor;1 GBP;11.5868
2014-10-09;Valutor mot svenska kronor;1 GBP;11.5711
2014-10-10;Valutor mot svenska kronor;1 GBP;11.6193
2014-10-13;Valutor mot svenska kronor;1 GBP;11.6067
2014-10-14;Valutor mot svenska kronor;1 GBP;11.5064
2014-10-15;Valutor mot svenska kronor;1 GBP;11.5634
2014-10-16;Valutor mot svenska kronor;1 GBP;11.4849
2014-10-17;Valutor mot svenska kronor;1 GBP;11.5012
2014-10-20;Valutor mot svenska kronor;1 GBP;11.5939
2014-10-21;Valutor mot svenska kronor;1 GBP;11.5928
2014-10-22;Valutor mot svenska kronor;1 GBP;11.654
2014-10-23;Valutor mot svenska kronor;1 GBP;11.676
2014-10-24;Valutor mot svenska kronor;1 GBP;11.6541
2014-10-27;Valutor mot svenska kronor;1 GBP;11.6658
2014-10-28;Valutor mot svenska kronor;1 GBP;11.7649
2014-10-29;Valutor mot svenska kronor;1 GBP;11.8432
2014-10-30;Valutor mot svenska kronor;1 GBP;11.814
2014-10-31;Valutor mot svenska kronor;1 GBP;11.7569
2014-11-03;Valutor mot svenska kronor;1 GBP;11.8115
2014-11-04;Valutor mot svenska kronor;1 GBP;11.8707
2014-11-05;Valutor mot svenska kronor;1 GBP;11.8272
2014-11-06;Valutor mot svenska kronor;1 GBP;11.7872
2014-11-07;Valutor mot svenska kronor;1 GBP;11.7643
2014-11-10;Valutor mot svenska kronor;1 GBP;11.748
2014-11-11;Valutor mot svenska kronor;1 GBP;11.7642
2014-11-12;Valutor mot svenska kronor;1 GBP;11.7735
2014-11-13;Valutor mot svenska kronor;1 GBP;11.6901
2014-11-14;Valutor mot svenska kronor;1 GBP;11.6457
2014-11-17;Valutor mot svenska kronor;1 GBP;11.5897
2014-11-18;Valutor mot svenska kronor;1 GBP;11.5914
2014-11-19;Valutor mot svenska kronor;1 GBP;11.5323
2014-11-20;Valutor mot svenska kronor;1 GBP;11.5784
2014-11-21;Valutor mot svenska kronor;1 GBP;11.5989
2014-11-24;Valutor mot svenska kronor;1 GBP;11.6923
2014-11-25;Valutor mot svenska kronor;1 GBP;11.688
2014-11-26;Valutor mot svenska kronor;1 GBP;11.6765
2014-11-27;Valutor mot svenska kronor;1 GBP;11.6962
2014-11-28;Valutor mot svenska kronor;1 GBP;11.692
2014-12-01;Valutor mot svenska kronor;1 GBP;11.6599
2014-12-02;Valutor mot svenska kronor;1 GBP;11.6921
2014-12-03;Valutor mot svenska kronor;1 GBP;11.7331
2014-12-04;Valutor mot svenska kronor;1 GBP;11.794
2014-12-05;Valutor mot svenska kronor;1 GBP;11.7529
2014-12-08;Valutor mot svenska kronor;1 GBP;11.7849
2014-12-09;Valutor mot svenska kronor;1 GBP;11.7958
2014-12-10;Valutor mot svenska kronor;1 GBP;11.8076
2014-12-11;Valutor mot svenska kronor;1 GBP;11.801
2014-12-12;Valutor mot svenska kronor;1 GBP;11.8628
2014-12-15;Valutor mot svenska kronor;1 GBP;11.8874
2014-12-16;Valutor mot svenska kronor;1 GBP;11.9222
2014-12-17;Valutor mot svenska kronor;1 GBP;12.0012
2014-12-18;Valutor mot svenska kronor;1 GBP;11.9498
2014-12-19;Valutor mot svenska kronor;1 GBP;12.0894
2014-12-22;Valutor mot svenska kronor;1 GBP;12.0974
2014-12-23;Valutor mot svenska kronor;1 GBP;12.1271
2014-12-29;Valutor mot svenska kronor;1 GBP;12.1453
2014-12-30;Valutor mot svenska kronor;1 GBP;12.1388
2015-01-02;Valutor mot svenska kronor;1 GBP;12.1531
2015-01-05;Valutor mot svenska kronor;1 GBP;12.1435
2015-01-07;Valutor mot svenska kronor;1 GBP;12.0086
2015-01-08;Valutor mot svenska kronor;1 GBP;11.9803
2015-01-09;Valutor mot svenska kronor;1 GBP;12.1371
2015-01-12;Valutor mot svenska kronor;1 GBP;12.1928
2015-01-13;Valutor mot svenska kronor;1 GBP;12.1625
2015-01-14;Valutor mot svenska kronor;1 GBP;12.2765
2015-01-15;Valutor mot svenska kronor;1 GBP;12.2861
2015-01-16;Valutor mot svenska kronor;1 GBP;12.3333
2015-01-19;Valutor mot svenska kronor;1 GBP;12.2851
2015-01-20;Valutor mot svenska kronor;1 GBP;12.2773
2015-01-21;Valutor mot svenska kronor;1 GBP;12.3821
2015-01-22;Valutor mot svenska kronor;1 GBP;12.346
2015-01-23;Valutor mot svenska kronor;1 GBP;12.3977
2015-01-26;Valutor mot svenska kronor;1 GBP;12.4726
2015-01-27;Valutor mot svenska kronor;1 GBP;12.4943
2015-01-28;Valutor mot svenska kronor;1 GBP;12.429
2015-01-29;Valutor mot svenska kronor;1 GBP;12.5114
2015-01-30;Valutor mot svenska kronor;1 GBP;12.4735
2015-02-02;Valutor mot svenska kronor;1 GBP;12.413
2015-02-03;Valutor mot svenska kronor;1 GBP;12.447
2015-02-04;Valutor mot svenska kronor;1 GBP;12.498
2015-02-05;Valutor mot svenska kronor;1 GBP;12.5606
2015-02-06;Valutor mot svenska kronor;1 GBP;12.6513
2015-02-09;Valutor mot svenska kronor;1 GBP;12.7654
2015-02-10;Valutor mot svenska kronor;1 GBP;12.7449
2015-02-11;Valutor mot svenska kronor;1 GBP;12.731
2015-02-12;Valutor mot svenska kronor;1 GBP;12.8124
2015-02-13;Valutor mot svenska kronor;1 GBP;12.9585
2015-02-16;Valutor mot svenska kronor;1 GBP;12.9488
2015-02-17;Valutor mot svenska kronor;1 GBP;12.9055
2015-02-18;Valutor mot svenska kronor;1 GBP;12.812
2015-02-19;Valutor mot svenska kronor;1 GBP;12.8898
2015-02-20;Valutor mot svenska kronor;1 GBP;12.9846
2015-02-23;Valutor mot svenska kronor;1 GBP;12.9367
2015-02-24;Valutor mot svenska kronor;1 GBP;12.9944
2015-02-25;Valutor mot svenska kronor;1 GBP;13.0155
2015-02-26;Valutor mot svenska kronor;1 GBP;12.8714
2015-02-27;Valutor mot svenska kronor;1 GBP;12.9016
2015-03-02;Valutor mot svenska kronor;1 GBP;12.8429
2015-03-03;Valutor mot svenska kronor;1 GBP;12.7842
2015-03-04;Valutor mot svenska kronor;1 GBP;12.7095
2015-03-05;Valutor mot svenska kronor;1 GBP;12.7395
2015-03-06;Valutor mot svenska kronor;1 GBP;12.7068
2015-03-09;Valutor mot svenska kronor;1 GBP;12.7618
2015-03-10;Valutor mot svenska kronor;1 GBP;12.8293
2015-03-11;Valutor mot svenska kronor;1 GBP;12.9262
2015-03-12;Valutor mot svenska kronor;1 GBP;12.8007
2015-03-13;Valutor mot svenska kronor;1 GBP;12.8071
2015-03-16;Valutor mot svenska kronor;1 GBP;12.8522
2015-03-17;Valutor mot svenska kronor;1 GBP;12.7834
2015-03-18;Valutor mot svenska kronor;1 GBP;12.7675
2015-03-19;Valutor mot svenska kronor;1 GBP;12.9107
2015-03-20;Valutor mot svenska kronor;1 GBP;12.772
2015-03-23;Valutor mot svenska kronor;1 GBP;12.8409
2015-03-24;Valutor mot svenska kronor;1 GBP;12.6911
2015-03-25;Valutor mot svenska kronor;1 GBP;12.6237
2015-03-26;Valutor mot svenska kronor;1 GBP;12.624
2015-03-27;Valutor mot svenska kronor;1 GBP;12.775
2015-03-30;Valutor mot svenska kronor;1 GBP;12.7865
2015-03-31;Valutor mot svenska kronor;1 GBP;12.7441
2015-04-01;Valutor mot svenska kronor;1 GBP;12.7883
2015-04-02;Valutor mot svenska kronor;1 GBP;12.8068
2015-04-07;Valutor mot svenska kronor;1 GBP;12.746
2015-04-08;Valutor mot svenska kronor;1 GBP;12.8672
2015-04-09;Valutor mot svenska kronor;1 GBP;12.89
2015-04-10;Valutor mot svenska kronor;1 GBP;12.8761
2015-04-13;Valutor mot svenska kronor;1 GBP;12.9077
2015-04-14;Valutor mot svenska kronor;1 GBP;12.9549
2015-04-15;Valutor mot svenska kronor;1 GBP;12.9599
2015-04-16;Valutor mot svenska kronor;1 GBP;12.9167
2015-04-17;Valutor mot svenska kronor;1 GBP;12.8325
2015-04-20;Valutor mot svenska kronor;1 GBP;12.9152
2015-04-21;Valutor mot svenska kronor;1 GBP;12.96
2015-04-22;Valutor mot svenska kronor;1 GBP;12.919
2015-04-23;Valutor mot svenska kronor;1 GBP;13.1088
2015-04-24;Valutor mot svenska kronor;1 GBP;13.0042
2015-04-27;Valutor mot svenska kronor;1 GBP;13.0865
2015-04-28;Valutor mot svenska kronor;1 GBP;13.1358
2015-04-29;Valutor mot svenska kronor;1 GBP;13.0818
2015-04-30;Valutor mot svenska kronor;1 GBP;12.8353
2015-05-04;Valutor mot svenska kronor;1 GBP;12.6915
2015-05-05;Valutor mot svenska kronor;1 GBP;12.686
2015-05-06;Valutor mot svenska kronor;1 GBP;12.6468
2015-05-07;Valutor mot svenska kronor;1 GBP;12.4879
2015-05-08;Valutor mot svenska kronor;1 GBP;12.796
2015-05-11;Valutor mot svenska kronor;1 GBP;12.7457
2015-05-12;Valutor mot svenska kronor;1 GBP;12.8858
2015-05-13;Valutor mot svenska kronor;1 GBP;12.997
2015-05-15;Valutor mot svenska kronor;1 GBP;12.981
2015-05-18;Valutor mot svenska kronor;1 GBP;12.8906
2015-05-19;Valutor mot svenska kronor;1 GBP;12.9688
2015-05-20;Valutor mot svenska kronor;1 GBP;12.9886
2015-05-21;Valutor mot svenska kronor;1 GBP;12.9667
2015-05-22;Valutor mot svenska kronor;1 GBP;12.9686
2015-05-25;Valutor mot svenska kronor;1 GBP;13.0083
2015-05-26;Valutor mot svenska kronor;1 GBP;13.0382
2015-05-27;Valutor mot svenska kronor;1 GBP;13.0355
2015-05-28;Valutor mot svenska kronor;1 GBP;13.0409
2015-05-29;Valutor mot svenska kronor;1 GBP;12.9704
2015-06-01;Valutor mot svenska kronor;1 GBP;13.0914
2015-06-02;Valutor mot svenska kronor;1 GBP;13.0119
2015-06-03;Valutor mot svenska kronor;1 GBP;12.9095
2015-06-04;Valutor mot svenska kronor;1 GBP;12.7697
2015-06-05;Valutor mot svenska kronor;1 GBP;12.6957
2015-06-08;Valutor mot svenska kronor;1 GBP;12.8083
2015-06-09;Valutor mot svenska kronor;1 GBP;12.7056
2015-06-10;Valutor mot svenska kronor;1 GBP;12.7102
2015-06-11;Valutor mot svenska kronor;1 GBP;12.744
2015-06-12;Valutor mot svenska kronor;1 GBP;12.7692
2015-06-15;Valutor mot svenska kronor;1 GBP;12.7584
2015-06-16;Valutor mot svenska kronor;1 GBP;12.7324
2015-06-17;Valutor mot svenska kronor;1 GBP;12.79
2015-06-18;Valutor mot svenska kronor;1 GBP;12.8146
2015-06-22;Valutor mot svenska kronor;1 GBP;12.8853
2015-06-23;Valutor mot svenska kronor;1 GBP;12.9165
2015-06-24;Valutor mot svenska kronor;1 GBP;13.0293
2015-06-25;Valutor mot svenska kronor;1 GBP;12.9414
2015-06-26;Valutor mot svenska kronor;1 GBP;12.9931
2015-06-29;Valutor mot svenska kronor;1 GBP;13.1271
2015-06-30;Valutor mot svenska kronor;1 GBP;12.9527
2015-07-01;Valutor mot svenska kronor;1 GBP;13.0406
2015-07-02;Valutor mot svenska kronor;1 GBP;13.1111
2015-07-03;Valutor mot svenska kronor;1 GBP;13.1674
2015-07-06;Valutor mot svenska kronor;1 GBP;13.1681
2015-07-07;Valutor mot svenska kronor;1 GBP;13.2085
2015-07-08;Valutor mot svenska kronor;1 GBP;13.1159
2015-07-09;Valutor mot svenska kronor;1 GBP;13.052
2015-07-10;Valutor mot svenska kronor;1 GBP;13.0476
2015-07-13;Valutor mot svenska kronor;1 GBP;13.0788
2015-07-14;Valutor mot svenska kronor;1 GBP;13.1622
2015-07-15;Valutor mot svenska kronor;1 GBP;13.3504
2015-07-16;Valutor mot svenska kronor;1 GBP;13.3361
2015-07-17;Valutor mot svenska kronor;1 GBP;13.3829
2015-07-20;Valutor mot svenska kronor;1 GBP;13.4942
2015-07-21;Valutor mot svenska kronor;1 GBP;13.4464
2015-07-22;Valutor mot svenska kronor;1 GBP;13.3494
2015-07-23;Valutor mot svenska kronor;1 GBP;13.4198
2015-07-24;Valutor mot svenska kronor;1 GBP;13.2993
2015-07-27;Valutor mot svenska kronor;1 GBP;13.242
2015-07-28;Valutor mot svenska kronor;1 GBP;13.2746
2015-07-29;Valutor mot svenska kronor;1 GBP;13.4129
2015-07-30;Valutor mot svenska kronor;1 GBP;13.4975
2015-07-31;Valutor mot svenska kronor;1 GBP;13.429
2015-08-03;Valutor mot svenska kronor;1 GBP;13.4799
2015-08-04;Valutor mot svenska kronor;1 GBP;13.4974
2015-08-05;Valutor mot svenska kronor;1 GBP;13.5895
2015-08-06;Valutor mot svenska kronor;1 GBP;13.618
2015-08-07;Valutor mot svenska kronor;1 GBP;13.5462
2015-08-10;Valutor mot svenska kronor;1 GBP;13.5816
2015-08-11;Valutor mot svenska kronor;1 GBP;13.5795
2015-08-12;Valutor mot svenska kronor;1 GBP;13.4392
2015-08-13;Valutor mot svenska kronor;1 GBP;13.401
2015-08-14;Valutor mot svenska kronor;1 GBP;13.2291
2015-08-17;Valutor mot svenska kronor;1 GBP;13.3569
2015-08-18;Valutor mot svenska kronor;1 GBP;13.2919
2015-08-19;Valutor mot svenska kronor;1 GBP;13.365
2015-08-20;Valutor mot svenska kronor;1 GBP;13.3567
2015-08-21;Valutor mot svenska kronor;1 GBP;13.3116
2015-08-24;Valutor mot svenska kronor;1 GBP;13.0116
2015-08-25;Valutor mot svenska kronor;1 GBP;13.0585
2015-08-26;Valutor mot svenska kronor;1 GBP;13.1473
2015-08-27;Valutor mot svenska kronor;1 GBP;13.0843
2015-08-28;Valutor mot svenska kronor;1 GBP;13.0185
2015-08-31;Valutor mot svenska kronor;1 GBP;13.0352
2015-09-01;Valutor mot svenska kronor;1 GBP;12.9808
2015-09-02;Valutor mot svenska kronor;1 GBP;12.9378
2015-09-03;Valutor mot svenska kronor;1 GBP;12.8445
2015-09-04;Valutor mot svenska kronor;1 GBP;12.8279
2015-09-07;Valutor mot svenska kronor;1 GBP;12.8669
2015-09-08;Valutor mot svenska kronor;1 GBP;12.958
2015-09-09;Valutor mot svenska kronor;1 GBP;12.9591
2015-09-10;Valutor mot svenska kronor;1 GBP;12.8951
2015-09-11;Valutor mot svenska kronor;1 GBP;12.8407
2015-09-14;Valutor mot svenska kronor;1 GBP;12.7244
2015-09-15;Valutor mot svenska kronor;1 GBP;12.7326
2015-09-16;Valutor mot svenska kronor;1 GBP;12.7218
2015-09-17;Valutor mot svenska kronor;1 GBP;12.8099
2015-09-18;Valutor mot svenska kronor;1 GBP;12.7458
2015-09-21;Valutor mot svenska kronor;1 GBP;12.832
2015-09-22;Valutor mot svenska kronor;1 GBP;12.9303
2015-09-23;Valutor mot svenska kronor;1 GBP;12.8766
2015-09-24;Valutor mot svenska kronor;1 GBP;12.826
2015-09-25;Valutor mot svenska kronor;1 GBP;12.8258
2015-09-28;Valutor mot svenska kronor;1 GBP;12.8268
2015-09-29;Valutor mot svenska kronor;1 GBP;12.809
2015-09-30;Valutor mot svenska kronor;1 GBP;12.6993
2015-10-01;Valutor mot svenska kronor;1 GBP;12.6833
2015-10-02;Valutor mot svenska kronor;1 GBP;12.7125
2015-10-05;Valutor mot svenska kronor;1 GBP;12.6646
2015-10-06;Valutor mot svenska kronor;1 GBP;12.6139
2015-10-07;Valutor mot svenska kronor;1 GBP;12.611
2015-10-08;Valutor mot svenska kronor;1 GBP;12.5973
2015-10-09;Valutor mot svenska kronor;1 GBP;12.6349
2015-10-12;Valutor mot svenska kronor;1 GBP;12.5633
2015-10-13;Valutor mot svenska kronor;1 GBP;12.4934
2015-10-14;Valutor mot svenska kronor;1 GBP;12.4173
2015-10-15;Valutor mot svenska kronor;1 GBP;12.5697
2015-10-16;Valutor mot svenska kronor;1 GBP;12.7472
2015-10-19;Valutor mot svenska kronor;1 GBP;12.7376
2015-10-20;Valutor mot svenska kronor;1 GBP;12.8273
2015-10-21;Valutor mot svenska kronor;1 GBP;12.8114
2015-10-22;Valutor mot svenska kronor;1 GBP;12.856
2015-10-23;Valutor mot svenska kronor;1 GBP;13.0465
2015-10-26;Valutor mot svenska kronor;1 GBP;13.0137
2015-10-27;Valutor mot svenska kronor;1 GBP;13.0535
2015-10-28;Valutor mot svenska kronor;1 GBP;13.0153
2015-10-29;Valutor mot svenska kronor;1 GBP;13.0312
2015-10-30;Valutor mot svenska kronor;1 GBP;13.0617
2015-11-02;Valutor mot svenska kronor;1 GBP;13.1382
2015-11-03;Valutor mot svenska kronor;1 GBP;13.1477
2015-11-04;Valutor mot svenska kronor;1 GBP;13.2132
2015-11-05;Valutor mot svenska kronor;1 GBP;13.2693
2015-11-06;Valutor mot svenska kronor;1 GBP;13.1144
2015-11-09;Valutor mot svenska kronor;1 GBP;13.119
2015-11-10;Valutor mot svenska kronor;1 GBP;13.1198
2015-11-11;Valutor mot svenska kronor;1 GBP;13.1371
2015-11-12;Valutor mot svenska kronor;1 GBP;13.1888
2015-11-13;Valutor mot svenska kronor;1 GBP;13.1794
2015-11-16;Valutor mot svenska kronor;1 GBP;13.1989
2015-11-17;Valutor mot svenska kronor;1 GBP;13.25
2015-11-18;Valutor mot svenska kronor;1 GBP;13.275
2015-11-19;Valutor mot svenska kronor;1 GBP;13.3019
2015-11-20;Valutor mot svenska kronor;1 GBP;13.3039
2015-11-23;Valutor mot svenska kronor;1 GBP;13.2209
2015-11-24;Valutor mot svenska kronor;1 GBP;13.1939
2015-11-25;Valutor mot svenska kronor;1 GBP;13.1413
2015-11-26;Valutor mot svenska kronor;1 GBP;13.1996
2015-11-27;Valutor mot svenska kronor;1 GBP;13.1764
2015-11-30;Valutor mot svenska kronor;1 GBP;13.1241
2015-12-01;Valutor mot svenska kronor;1 GBP;13.1242
2015-12-02;Valutor mot svenska kronor;1 GBP;13.0975
2015-12-03;Valutor mot svenska kronor;1 GBP;13.0004
2015-12-04;Valutor mot svenska kronor;1 GBP;12.8734
2015-12-07;Valutor mot svenska kronor;1 GBP;12.8184
2015-12-08;Valutor mot svenska kronor;1 GBP;12.8011
2015-12-09;Valutor mot svenska kronor;1 GBP;12.7533
2015-12-10;Valutor mot svenska kronor;1 GBP;12.7792
2015-12-11;Valutor mot svenska kronor;1 GBP;12.8838
2015-12-14;Valutor mot svenska kronor;1 GBP;12.9154
2015-12-15;Valutor mot svenska kronor;1 GBP;12.7874
2015-12-16;Valutor mot svenska kronor;1 GBP;12.7639
2015-12-17;Valutor mot svenska kronor;1 GBP;12.7481
2015-12-18;Valutor mot svenska kronor;1 GBP;12.7515
2015-12-21;Valutor mot svenska kronor;1 GBP;12.7606
2015-12-22;Valutor mot svenska kronor;1 GBP;12.6478
2015-12-23;Valutor mot svenska kronor;1 GBP;12.543
2015-12-28;Valutor mot svenska kronor;1 GBP;12.528
2015-12-29;Valutor mot svenska kronor;1 GBP;12.4409
2015-12-30;Valutor mot svenska kronor;1 GBP;12.3785
